timestamp,sensor1,sensor2,temperature,humidity,pressure,notes
2024-01-01 09:00:00,45.2,67.8,22.5,45.0,1013.25,Baseline measurement
2024-01-01 09:05:00,46.1,68.2,22.6,45.2,1013.30,Steady state
2024-01-01 09:10:00,47.3,69.1,22.7,45.5,1013.28,Minor fluctuation
2024-01-01 09:15:00,48.5,70.2,22.8,46.0,1013.22,Increasing trend
2024-01-01 09:20:00,49.8,71.5,23.0,46.5,1013.18,Peak observed
2024-01-01 09:25:00,50.2,72.1,23.1,46.8,1013.15,Maximum value reached
2024-01-01 09:30:00,49.9,71.8,23.0,46.6,1013.20,Slight decline
2024-01-01 09:35:00,49.2,71.0,22.9,46.3,1013.25,Stabilizing
2024-01-01 09:40:00,48.5,70.2,22.8,46.0,1013.28,Returning to baseline
2024-01-01 09:45:00,47.8,69.5,22.7,45.8,1013.30,Steady decrease
2024-01-01 09:50:00,47.0,68.8,22.6,45.5,1013.32,Approaching baseline
2024-01-01 09:55:00,46.5,68.2,22.5,45.3,1013.28,Near baseline
2024-01-01 10:00:00,46.1,67.9,22.5,45.1,1013.25,Baseline restored
2024-01-01 10:05:00,45.8,67.6,22.4,45.0,1013.23,Stable state
2024-01-01 10:10:00,45.5,67.4,22.4,44.9,1013.22,Continued stability
2024-01-01 10:15:00,45.3,67.2,22.3,44.8,1013.21,Low noise floor
2024-01-01 10:20:00,45.1,67.0,22.3,44.7,1013.20,Minimal variation
2024-01-01 10:25:00,45.0,66.9,22.3,44.6,1013.19,Environmental equilibrium
2024-01-01 10:30:00,44.9,66.8,22.2,44.5,1013.18,Consistent readings
2024-01-01 10:35:00,44.8,66.7,22.2,44.5,1013.17,No significant change
2024-01-01 10:40:00,44.7,66.6,22.2,44.4,1013.16,Stable baseline
2024-01-01 10:45:00,44.6,66.5,22.1,44.4,1013.15,Measuring drift
2024-01-01 10:50:00,44.5,66.4,22.1,44.3,1013.14,Monitoring phase
2024-01-01 10:55:00,44.4,66.3,22.1,44.3,1013.13,System check
2024-01-01 11:00:00,44.3,66.2,22.0,44.2,1013.12,End of monitoring
2024-01-01 11:05:00,45.0,67.5,22.3,44.8,1013.20,Intervention applied
2024-01-01 11:10:00,46.2,69.1,22.7,45.5,1013.28,Response detected
2024-01-01 11:15:00,47.8,71.2,23.2,46.5,1013.35,Active phase
2024-01-01 11:20:00,49.5,73.5,23.8,47.5,1013.42,Peak response
2024-01-01 11:25:00,50.8,75.1,24.2,48.2,1013.45,Maximum observed
2024-01-01 11:30:00,51.2,75.8,24.4,48.5,1013.48,Saturation point
2024-01-01 11:35:00,51.0,75.5,24.3,48.3,1013.46,Slight decline
2024-01-01 11:40:00,50.5,75.0,24.1,48.0,1013.43,Desaturation
2024-01-01 11:45:00,49.8,74.2,23.9,47.6,1013.40,Recovery phase
2024-01-01 11:50:00,49.0,73.2,23.6,47.1,1013.36,Gradual return
2024-01-01 11:55:00,48.2,72.1,23.4,46.6,1013.33,Approaching baseline
2024-01-01 12:00:00,47.3,70.9,23.1,46.1,1013.29,Near stable state
2024-01-01 12:05:00,46.5,69.8,22.8,45.6,1013.26,Further decline
2024-01-01 12:10:00,45.8,68.8,22.6,45.2,1013.23,Stabilizing region
2024-01-01 12:15:00,45.2,67.9,22.4,44.9,1013.21,Return trajectory
2024-01-01 12:20:00,44.8,67.2,22.3,44.6,1013.19,Close to baseline
2024-01-01 12:25:00,44.5,66.7,22.2,44.4,1013.17,Minimal deviation
2024-01-01 12:30:00,44.3,66.3,22.1,44.3,1013.15,Post-intervention steady state
2024-01-01 12:35:00,44.2,66.1,22.1,44.2,1013.14,Consistent readings
2024-01-01 12:40:00,44.1,66.0,22.0,44.2,1013.13,System equilibrium
2024-01-01 12:45:00,44.0,65.9,22.0,44.1,1013.12,Final monitoring point

